City_ID,City,Country,Date,Lat,Lng,Max Temp,Humidity,Cloudiness,Wind Speed
0,Bredasdorp,ZA,2021-07-19 00:06:54,-34.5322,20.0403,51.42,75,54,4.99
1,Busselton,AU,2021-07-19 00:06:54,-33.65,115.3333,47.08,78,95,6.76
2,Clyde River,CA,2021-07-19 00:06:10,70.4692,-68.5914,37.06,73,100,4.88
3,Bethel,US,2021-07-19 00:06:32,41.3712,-73.414,79.16,79,90,4.61
4,Puerto Ayora,EC,2021-07-19 00:05:52,-0.7393,-90.3518,71.55,92,75,8.01
5,Phayao,TH,2021-07-19 00:06:55,19.25,100.25,73.15,98,100,2.13
6,Hilo,US,2021-07-19 00:06:44,19.7297,-155.09,76.8,86,90,5.75
7,Atuona,PF,2021-07-19 00:06:56,-9.8,-139.0333,77.95,74,8,25.34
8,Arraial Do Cabo,BR,2021-07-19 00:06:56,-22.9661,-42.0278,69.75,86,69,18.97
9,Jinzhou,CN,2021-07-19 00:06:57,41.1078,121.1417,77.67,80,75,10.89
10,Jamestown,US,2021-07-19 00:02:17,42.097,-79.2353,73.18,78,1,4.05
11,Chuy,UY,2021-07-19 00:06:58,-33.6971,-53.4616,49.87,80,100,24.16
12,Qaanaaq,GL,2021-07-19 00:06:58,77.484,-69.3632,36.57,84,97,2.91
13,Weligama,LK,2021-07-19 00:06:59,5.9667,80.4167,78.78,83,96,13.35
14,Hithadhoo,MV,2021-07-19 00:06:59,-0.6,73.0833,80.98,70,33,1.72
15,Chokurdakh,RU,2021-07-19 00:07:00,70.6333,147.9167,54.25,46,22,6.98
16,Victoria,HK,2021-07-19 00:03:05,22.2855,114.1577,80.94,97,100,5.01
17,Tabou,CI,2021-07-19 00:07:00,4.423,-7.3528,75.56,76,50,8.1
18,Arlit,NE,2021-07-19 00:07:01,18.7369,7.3853,97.2,18,86,6.42
19,Rikitea,PF,2021-07-19 00:07:01,-23.1203,-134.9692,71.46,62,100,24.23
20,Mar Del Plata,AR,2021-07-19 00:05:15,-38.0023,-57.5575,49.12,53,95,5.99
21,Butaritari,KI,2021-07-19 00:07:02,3.0707,172.7902,83.5,72,100,10.33
22,Natal,BR,2021-07-19 00:03:44,-5.795,-35.2094,77.04,83,17,11.83
23,Tura,IN,2021-07-19 00:07:03,25.5198,90.2201,74.21,99,100,4.03
24,Albany,US,2021-07-19 00:04:48,42.6001,-73.9662,68.61,95,100,4.74
25,Mount Isa,AU,2021-07-19 00:07:03,-20.7333,139.5,62.37,39,52,12.66
26,Bubaque,GW,2021-07-19 00:07:04,11.2833,-15.8333,81.21,79,100,10.89
27,Lebu,CL,2021-07-19 00:05:54,-37.6167,-73.65,48.92,75,3,15.97
28,Avera,US,2021-07-19 00:07:05,33.194,-82.5271,86.05,59,95,4.61
29,Paralimni,CY,2021-07-19 00:07:05,35.0375,33.9833,81.12,87,0,1.01
30,Cherskiy,RU,2021-07-19 00:05:34,68.75,161.3,51.89,51,98,9.35
31,Luderitz,NA,2021-07-19 00:07:06,-26.6481,15.1594,65.3,40,0,4.97
32,Punta Arenas,CL,2021-07-19 00:03:25,-53.15,-70.9167,42.12,75,67,26.57
33,Rovinj,HR,2021-07-19 00:07:06,45.08,13.64,79.29,68,77,8.43
34,Kamaishi,JP,2021-07-19 00:07:07,39.2667,141.8833,82.63,67,1,3.15
35,Half Moon Bay,US,2021-07-19 00:07:07,37.4636,-122.4286,96.62,64,40,1.01
36,Ushuaia,AR,2021-07-19 00:03:27,-54.8,-68.3,39.76,88,86,12.1
37,Rio Gallegos,AR,2021-07-19 00:07:08,-51.6226,-69.2181,44.65,76,0,13.8
38,Beira,MZ,2021-07-19 00:07:09,-19.8436,34.8389,63.57,72,1,10.6
39,Mataura,NZ,2021-07-19 00:07:09,-46.1927,168.8643,45.95,85,79,1.48
40,Bilma,NE,2021-07-19 00:07:10,18.6853,12.9164,92.03,27,100,8.66
41,Waingapu,ID,2021-07-19 00:07:10,-9.6567,120.2641,78.62,76,41,9.6
42,Kapaa,US,2021-07-19 00:02:11,22.0752,-159.319,84.18,79,50,4.0
43,Fairbanks,US,2021-07-19 00:05:02,64.8378,-147.7164,72.1,56,90,3.0
44,Mount Gambier,AU,2021-07-19 00:07:11,-37.8333,140.7667,49.91,93,40,12.66
45,Upernavik,GL,2021-07-19 00:06:15,72.7868,-56.1549,37.92,86,60,16.28
46,Vanimo,PG,2021-07-19 00:07:12,-2.6741,141.3028,80.44,83,93,2.73
47,Nome,US,2021-07-19 00:07:12,64.5011,-165.4064,61.16,74,96,8.79
48,Tasiilaq,GL,2021-07-19 00:07:13,65.6145,-37.6368,42.96,78,83,4.47
49,Ponta Do Sol,PT,2021-07-19 00:07:13,32.6667,-17.1,71.71,96,1,3.18
50,Port Macquarie,AU,2021-07-19 00:07:14,-31.4333,152.9167,59.9,54,49,3.31
51,Eirunepe,BR,2021-07-19 00:07:14,-6.6603,-69.8736,77.4,76,77,2.62
52,Emirdag,TR,2021-07-19 00:07:15,39.0197,31.15,75.92,36,2,7.61
53,Lata,PT,2021-07-19 00:07:16,40.1629,-8.3327,62.92,89,46,5.28
54,Maldonado,UY,2021-07-19 00:07:16,-34.6667,-54.9167,49.39,88,99,24.99
55,Walvis Bay,NA,2021-07-19 00:07:17,-22.9575,14.5053,70.09,32,8,6.91
56,Narsaq,GL,2021-07-19 00:07:17,60.9167,-46.05,48.42,96,100,3.0
57,Bakchar,RU,2021-07-19 00:07:18,57.0186,82.0711,52.45,96,9,3.83
58,Ust-Tsilma,RU,2021-07-19 00:07:18,65.441,52.1498,61.72,60,94,4.68
59,Tuatapere,NZ,2021-07-19 00:07:19,-46.1333,167.6833,46.18,85,88,2.1
60,Ribeira Grande,PT,2021-07-19 00:07:19,38.5167,-28.7,68.92,78,9,11.5
61,Port Blair,IN,2021-07-19 00:07:20,11.6667,92.75,80.69,85,100,19.48
62,Guerrero Negro,MX,2021-07-19 00:07:20,27.9769,-114.0611,79.66,57,4,13.89
63,Hobart,AU,2021-07-19 00:04:31,-42.8794,147.3294,50.22,79,75,1.99
64,Am Timan,TD,2021-07-19 00:07:21,11.0297,20.2827,72.99,86,90,4.14
65,Jumla,NP,2021-07-19 00:07:21,29.2747,82.1838,63.03,96,100,1.77
66,Valparaiso,CL,2021-07-19 00:07:22,-33.0393,-71.6273,53.47,75,0,5.75
67,Komsomolskiy,UZ,2021-07-19 00:07:22,40.4272,71.7189,71.02,68,95,3.69
68,Meadville,US,2021-07-19 00:07:23,41.6414,-80.1515,75.34,77,90,6.91
69,Cairns,AU,2021-07-19 00:07:00,-16.9167,145.7667,80.11,69,63,6.91
70,Lavrentiya,RU,2021-07-19 00:05:00,65.5833,-171.0,47.88,90,98,6.08
71,Diu,IN,2021-07-19 00:07:23,20.7141,70.9822,81.5,83,100,15.86
72,Marsabit,KE,2021-07-19 00:07:24,2.3284,37.9899,61.45,69,65,19.3
73,Dali,CN,2021-07-19 00:07:24,25.7,100.1833,65.88,86,100,0.74
74,Talnakh,RU,2021-07-19 00:06:05,69.4865,88.3972,50.23,71,100,4.45
75,Kaitangata,NZ,2021-07-19 00:07:25,-46.2817,169.8464,48.04,91,99,2.04
76,Adrar,MR,2021-07-19 00:07:26,20.5022,-10.0711,94.69,13,9,11.41
77,Fortuna,US,2021-07-19 00:07:27,40.5982,-124.1573,91.18,71,20,4.0
78,Barrow,US,2021-07-19 00:07:27,71.2906,-156.7887,48.22,81,90,12.66
79,Zeya,RU,2021-07-19 00:07:27,53.75,127.2667,73.35,58,100,3.6
80,Ixtapa,MX,2021-07-19 00:07:28,20.7,-105.2,87.22,70,40,12.66
81,Sarankhola,BD,2021-07-19 00:07:29,22.3082,89.7897,80.92,90,100,4.05
82,Umm Kaddadah,SD,2021-07-19 00:07:29,13.6017,26.6876,81.36,59,88,12.64
83,Casma,CL,2021-07-19 00:07:30,-41.0082,-73.1244,42.4,90,67,1.68
84,Pevek,RU,2021-07-19 00:07:30,69.7008,170.3133,38.34,91,100,6.04
85,Escanaba,US,2021-07-19 00:05:18,45.7453,-87.0646,83.21,79,1,4.61
86,Uivar,RO,2021-07-19 00:07:31,45.6581,20.9058,70.3,91,98,3.29
87,Chiredzi,ZW,2021-07-19 00:07:31,-21.05,31.6667,55.18,77,41,2.51
88,Hermanus,ZA,2021-07-19 00:07:32,-34.4187,19.2345,57.9,80,82,6.17
89,Koslan,RU,2021-07-19 00:07:32,63.4564,48.8989,61.7,63,96,5.39
90,Chulman,RU,2021-07-19 00:07:33,56.8479,124.9104,70.29,60,100,4.07
91,East London,ZA,2021-07-19 00:05:31,-33.0153,27.9116,59.9,33,0,7.87
92,Aksarka,RU,2021-07-19 00:07:33,66.5606,67.7975,55.18,87,92,3.31
93,Kiama,AU,2021-07-19 00:07:34,-34.6833,150.8667,57.38,64,99,13.0
94,Bengkulu,ID,2021-07-19 00:07:34,-3.8004,102.2655,75.06,90,66,4.0
95,Port Alfred,ZA,2021-07-19 00:07:35,-33.5906,26.891,62.55,33,0,10.09
96,Barinitas,VE,2021-07-19 00:07:35,8.7622,-70.4111,72.25,89,62,3.0
97,Mananara,MG,2021-07-19 00:07:36,-16.1667,49.7667,66.6,93,29,6.53
98,Coahuayana,MX,2021-07-19 00:07:36,18.7333,-103.6833,85.48,75,80,3.24
99,Broken Hill,AU,2021-07-19 00:07:37,-31.95,141.4333,51.15,53,100,10.45
100,Meadow Lake,US,2021-07-19 00:07:37,34.8014,-106.5436,84.49,58,95,15.84
101,Longyearbyen,SJ,2021-07-19 00:07:16,78.2186,15.6401,40.84,87,90,3.44
102,Sept-Iles,CA,2021-07-19 00:04:20,50.2001,-66.3821,63.1,76,96,0.87
103,Vaini,TO,2021-07-19 00:07:38,-21.2,-175.2,76.05,82,55,13.82
104,Bluff,NZ,2021-07-19 00:07:38,-46.6,168.3333,47.03,81,98,4.68
105,Kihei,US,2021-07-19 00:07:39,20.785,-156.4656,86.02,76,40,26.46
106,Doba,TD,2021-07-19 00:07:39,8.65,16.85,71.92,94,93,3.78
107,Fukue,JP,2021-07-19 00:07:40,32.6881,128.8419,78.6,80,100,7.96
108,Kavieng,PG,2021-07-19 00:07:40,-2.5744,150.7967,83.5,70,97,6.02
109,Mahebourg,MU,2021-07-19 00:07:41,-20.4081,57.7,69.8,61,2,11.1
110,Stephenville Crossing,CA,2021-07-19 00:07:41,48.5,-58.4318,59.22,91,100,3.06
111,Constitucion,CL,2021-07-19 00:06:27,-35.3333,-72.4167,51.39,66,0,9.31
112,Margaritas,MX,2021-07-19 00:07:42,20.4538,-102.4739,79.86,46,49,3.36
113,Torbay,CA,2021-07-19 00:03:20,47.6666,-52.7314,68.49,76,83,8.55
114,Kahului,US,2021-07-19 00:07:43,20.8947,-156.47,86.02,75,40,26.46
115,Sao Filipe,CV,2021-07-19 00:07:43,14.8961,-24.4956,74.59,85,52,9.44
116,Nuuk,GL,2021-07-19 00:07:44,64.1835,-51.7216,50.61,87,75,20.71
117,Saskylakh,RU,2021-07-19 00:07:44,71.9167,114.0833,54.9,86,100,11.5
118,San Patricio,US,2021-07-19 00:07:45,28.017,-97.5169,91.49,61,10,12.35
119,Chernyshevskiy,RU,2021-07-19 00:07:45,63.0128,112.4714,61.95,60,100,9.26
120,Port Elizabeth,ZA,2021-07-19 00:07:27,-33.918,25.5701,60.94,31,0,10.54
121,Kodiak,US,2021-07-19 00:07:46,57.79,-152.4072,63.91,68,1,5.75
122,Dikson,RU,2021-07-19 00:05:32,73.5069,80.5464,35.87,89,29,7.14
123,Airai,TL,2021-07-19 00:06:11,-8.9266,125.4092,67.08,50,86,3.78
124,Bombo,ID,2021-07-19 00:07:47,-8.6131,119.0131,79.23,74,33,4.9
125,Port Hedland,AU,2021-07-19 00:07:48,-20.3167,118.5667,60.85,41,10,4.61
126,Barranca,PE,2021-07-19 00:05:26,-10.75,-77.7667,62.55,83,20,8.84
127,Flinders,AU,2021-07-19 00:07:48,-34.5833,150.8552,57.18,66,98,4.0
128,Cape Town,ZA,2021-07-19 00:04:31,-33.9258,18.4232,58.12,83,69,1.99
129,Tual,ID,2021-07-19 00:07:49,-5.6667,132.75,79.72,81,100,19.13
130,Batu Berendam,MY,2021-07-19 00:07:50,2.2487,102.246,79.72,82,95,0.72
131,Khandbari,NP,2021-07-19 00:07:50,27.3747,87.2039,72.28,97,100,0.6
132,Carnarvon,AU,2021-07-19 00:06:15,-24.8667,113.6333,65.75,52,99,10.83
133,Nautla,MX,2021-07-19 00:07:51,20.2167,-96.7833,83.79,70,66,7.29
134,Kaniama,CD,2021-07-19 00:07:51,-7.5667,24.1833,65.01,40,46,4.94
135,Sao Joao De Pirabas,BR,2021-07-19 00:07:52,-0.7747,-47.1772,75.76,90,5,6.06
136,Souillac,MU,2021-07-19 00:07:52,-20.5167,57.5167,68.34,65,2,10.16
137,Pedernales,DO,2021-07-19 00:07:53,18.0384,-71.744,83.48,70,46,12.53
138,Alacranes,CU,2021-07-19 00:07:53,22.7675,-81.5675,82.89,82,45,10.09
139,Thompson,CA,2021-07-19 00:07:54,55.7435,-97.8558,61.05,43,98,6.4
140,Norman Wells,CA,2021-07-19 00:07:54,65.282,-126.8329,79.77,38,94,13.0
141,Roma,US,2021-07-19 00:07:55,43.2128,-75.4557,73.54,82,90,0.0
142,Yellowknife,CA,2021-07-19 00:07:14,62.456,-114.3525,68.32,39,25,1.01
143,French Harbor,HN,2021-07-19 00:07:55,16.35,-86.4333,82.0,84,21,1.01
144,Kamenka,RU,2021-07-19 00:07:22,51.3223,42.7678,70.21,69,9,5.57
145,Yangambi,CD,2021-07-19 00:07:56,0.8102,24.4336,70.86,95,99,1.28
146,Saint-Philippe,RE,2021-07-19 00:07:56,-21.3585,55.7679,66.22,77,56,10.96
147,Lompoc,US,2021-07-19 00:07:57,34.6391,-120.4579,84.56,68,1,5.99
148,Zalantun,CN,2021-07-19 00:06:48,48.0,122.7167,68.68,98,100,2.8
149,Wilmington,US,2021-07-19 00:07:18,34.2257,-77.9447,73.31,94,40,10.36
150,Coihaique,CL,2021-07-19 00:07:58,-45.5752,-72.0662,40.95,87,90,5.75
151,Ambilobe,MG,2021-07-19 00:07:59,-13.2,49.05,65.08,86,22,3.02
152,Krasnoselkup,RU,2021-07-19 00:07:59,65.7,82.4667,50.9,63,5,5.17
153,Igarka,RU,2021-07-19 00:08:00,67.4667,86.5833,51.55,63,62,3.04
154,Geraldton,AU,2021-07-19 00:07:11,-28.7667,114.6,57.13,100,90,5.75
155,Karpathos,GR,2021-07-19 00:08:00,35.507,27.2132,75.74,82,1,4.45
156,Coquimbo,CL,2021-07-19 00:05:11,-29.9533,-71.3436,51.53,93,75,3.44
157,Orlik,RU,2021-07-19 00:08:01,52.5178,99.825,55.92,80,99,0.38
158,Ancud,CL,2021-07-19 00:08:02,-41.8697,-73.8203,45.93,85,100,5.48
159,Georgetown,MY,2021-07-19 00:06:26,5.4112,100.3354,80.89,83,20,2.3
160,Calvinia,ZA,2021-07-19 00:08:02,-31.4707,19.776,52.27,35,0,9.22
161,Saint George,US,2021-07-19 00:07:26,37.1041,-113.5841,94.32,36,1,3.0
162,Vila Velha,BR,2021-07-19 00:04:56,-20.3297,-40.2925,73.35,78,0,9.22
163,Bambous Virieux,MU,2021-07-19 00:08:03,-20.3428,57.7575,69.66,60,3,11.03
164,Waipawa,NZ,2021-07-19 00:08:04,-41.4122,175.5153,50.63,92,99,13.94
165,Gravdal,NO,2021-07-19 00:08:04,68.1214,13.5031,50.68,84,100,18.16
166,Amarante Do Maranhao,BR,2021-07-19 00:08:05,-5.5667,-46.7422,82.06,41,65,3.29
167,New Norfolk,AU,2021-07-19 00:05:36,-42.7826,147.0587,49.87,82,100,1.01
168,College,US,2021-07-19 00:03:26,64.8569,-147.8028,71.01,58,100,3.0
169,Gizo,SB,2021-07-19 00:08:06,-8.103,156.8419,83.89,73,80,11.48
170,Poya,NC,2021-07-19 00:08:06,-21.35,165.15,74.82,67,92,7.09
171,Khandyga,RU,2021-07-19 00:08:07,62.6667,135.6,74.3,29,22,1.36
172,Mato Verde,BR,2021-07-19 00:08:07,-15.3972,-42.8664,71.29,35,0,3.44
173,Itupiranga,BR,2021-07-19 00:08:08,-5.1347,-49.3267,80.06,55,36,1.72
174,Tieli,CN,2021-07-19 00:08:08,46.95,128.05,78.15,77,96,4.21
175,Sainte-Marie,RE,2021-07-19 00:08:09,-20.8968,55.5496,66.78,82,0,9.22
176,Aswan,EG,2021-07-19 00:08:09,24.0934,32.907,91.54,14,24,7.0
177,Mayor Pablo Lagerenza,PY,2021-07-19 00:08:10,-19.9309,-60.7718,56.79,22,17,6.06
178,Moron,AR,2021-07-19 00:03:16,-34.6534,-58.6198,48.96,72,3,4.0
179,Maneadero,MX,2021-07-19 00:08:10,31.7167,-116.5667,83.19,75,17,3.0
180,Soe,ID,2021-07-19 00:07:17,-9.8607,124.284,71.08,62,97,5.53
181,Crotone,IT,2021-07-19 00:08:11,39.0851,17.1178,61.93,73,79,6.55
182,Hobyo,SO,2021-07-19 00:06:13,5.3505,48.5268,76.28,81,89,25.48
183,Paamiut,GL,2021-07-19 00:08:12,61.994,-49.6678,42.96,97,92,17.45
184,Itoman,JP,2021-07-19 00:07:41,26.1247,127.6694,86.4,74,40,18.41
185,Ballina,AU,2021-07-19 00:08:12,-28.8667,153.5667,60.78,60,70,3.42
186,Naze,JP,2021-07-19 00:07:23,28.3667,129.4833,79.38,85,76,20.8
187,Naifaru,MV,2021-07-19 00:08:13,5.4444,73.3657,82.83,73,100,11.23
188,Sorland,NO,2021-07-19 00:08:13,67.667,12.6934,51.21,84,100,20.22
189,Kontagora,NG,2021-07-19 00:08:14,10.3999,5.4695,72.46,95,93,5.48
190,Toora-Khem,RU,2021-07-19 00:08:15,52.4675,96.11,57.52,62,6,2.06
191,Vardo,NO,2021-07-19 00:08:15,70.3705,31.1107,47.39,89,100,22.01
192,Tiksi,RU,2021-07-19 00:07:24,71.6872,128.8694,45.75,69,100,4.03
193,Husavik,IS,2021-07-19 00:05:52,66.0449,-17.3389,52.02,81,91,4.97
194,Nemuro,JP,2021-07-19 00:07:59,43.3236,145.575,79.23,89,32,2.91
195,Anadyr,RU,2021-07-19 00:08:16,64.75,177.4833,54.1,81,75,17.0
196,Altay,CN,2021-07-19 00:07:24,47.8667,88.1167,65.95,40,8,4.56
197,Kintinku,TZ,2021-07-19 00:08:17,-5.8833,35.2333,62.64,53,41,1.19
198,Huarmey,PE,2021-07-19 00:08:17,-10.0681,-78.1522,64.72,81,15,8.97
199,Mhlambanyatsi,SZ,2021-07-19 00:08:18,-26.45,31.0167,37.02,83,0,4.16
200,Narok,KE,2021-07-19 00:08:18,-1.0783,35.8601,58.46,69,91,1.36
201,Khatanga,RU,2021-07-19 00:08:19,71.9667,102.5,58.75,67,99,12.91
202,San Policarpo,PH,2021-07-19 00:06:35,12.1791,125.5072,81.82,82,96,4.68
203,Atherton,GB,2021-07-19 00:08:20,53.5237,-2.4935,68.11,81,1,2.86
204,Mount Pleasant,US,2021-07-19 00:08:20,32.7941,-79.8626,78.01,85,90,5.75
205,Lazarev,RU,2021-07-19 00:08:20,52.225,141.5131,63.25,71,0,6.49
206,Dingle,PH,2021-07-19 00:06:44,10.9995,122.6711,82.31,79,92,13.04
207,Mansehra,PK,2021-07-19 00:08:21,34.3333,73.2,72.48,97,93,5.08
208,Zalari,RU,2021-07-19 00:08:22,53.5584,102.5065,61.48,87,96,5.03
209,Betare Oya,CM,2021-07-19 00:08:22,5.6,14.0833,66.07,98,100,0.94
210,Esperance,AU,2021-07-19 00:07:41,-33.8667,121.9,52.81,84,47,12.86
211,Talara,PE,2021-07-19 00:08:23,-4.5772,-81.2719,65.84,89,68,17.0
212,Cayenne,GF,2021-07-19 00:08:23,4.9333,-52.3333,82.09,81,0,0.0
213,Sur,OM,2021-07-19 00:08:24,22.5667,59.5289,85.1,70,10,9.46
214,Samarai,PG,2021-07-19 00:08:24,-10.6167,150.6667,80.62,75,100,16.62
215,San Cristobal,VE,2021-07-19 00:08:25,7.7669,-72.225,65.25,96,36,4.05
216,Ati,TD,2021-07-19 00:08:25,13.2154,18.3353,84.7,55,40,10.83
217,Clevelandia,BR,2021-07-19 00:08:26,-26.3958,-52.4708,33.33,74,0,1.7
218,Kirakira,SB,2021-07-19 00:08:26,-10.4544,161.9205,84.09,70,75,13.38
219,Zavodouspenskoye,RU,2021-07-19 00:08:26,56.8626,65.0155,61.02,98,97,4.61
220,Evensk,RU,2021-07-19 00:08:27,61.95,159.2333,57.06,84,100,9.86
221,At-Bashi,KG,2021-07-19 00:08:27,41.1702,75.8106,53.53,84,82,0.72
222,Luba,GQ,2021-07-19 00:08:28,3.4568,8.5547,76.98,85,100,6.4
223,Lilienthal,DE,2021-07-19 00:08:28,53.1657,8.9293,60.75,87,40,5.75
224,Caucaia,BR,2021-07-19 00:08:29,-3.7361,-38.6531,81.03,77,36,8.05
225,Kruisfontein,ZA,2021-07-19 00:08:29,-34.0033,24.7314,57.83,24,0,10.6
226,Magadan,RU,2021-07-19 00:08:30,59.5667,150.8,59.22,60,39,9.8
227,Margate,GB,2021-07-19 00:08:30,51.3813,1.3862,66.85,86,0,5.91
228,Sitka,US,2021-07-19 00:08:31,57.0531,-135.33,62.49,72,90,4.61
229,Sorong,ID,2021-07-19 00:08:31,-0.8833,131.25,77.5,87,100,9.89
230,Liverpool,GB,2021-07-19 00:05:04,53.4106,-2.9779,65.44,77,1,3.4
231,Faanui,PF,2021-07-19 00:08:32,-16.4833,-151.75,76.69,78,100,17.81
232,Bawku,GH,2021-07-19 00:08:32,11.0616,-0.2417,76.8,81,100,5.01
233,Provideniya,RU,2021-07-19 00:06:02,64.3833,-173.3,48.31,81,90,8.95
234,Yulara,AU,2021-07-19 00:08:33,-25.2406,130.9889,57.58,45,1,5.21
235,Ariquemes,BR,2021-07-19 00:08:34,-9.9133,-63.0408,84.67,37,28,4.76
236,Derzhavinsk,KZ,2021-07-19 00:08:34,51.1,66.3167,64.54,63,68,7.74
237,Moju,BR,2021-07-19 00:08:14,-1.8839,-48.7689,73.49,96,61,2.82
238,Cizre,TR,2021-07-19 00:08:35,37.3272,42.1903,91.31,19,3,5.12
239,Tuktoyaktuk,CA,2021-07-19 00:08:35,69.4541,-133.0374,48.22,88,94,10.18
240,Alice Springs,AU,2021-07-19 00:08:29,-23.7,133.8833,57.83,44,1,4.72
241,Touros,BR,2021-07-19 00:08:36,-5.1989,-35.4608,77.52,82,28,14.27
242,Khulo,GE,2021-07-19 00:08:36,41.644,42.3129,64.33,61,19,4.45
243,Tocopilla,CL,2021-07-19 00:08:37,-22.092,-70.1979,62.08,70,60,3.49
244,High Level,CA,2021-07-19 00:08:38,58.5169,-117.136,63.05,58,100,3.18
245,Chase,CA,2021-07-19 00:08:38,50.8165,-119.6857,92.39,21,87,5.82
246,Wanning,CN,2021-07-19 00:08:39,18.8003,110.3967,81.37,83,93,4.43
247,Little Current,CA,2021-07-19 00:08:39,45.9793,-81.9248,66.42,93,50,0.67
248,Najran,SA,2021-07-19 00:08:40,17.4924,44.1277,72.82,46,11,6.76
249,Churapcha,RU,2021-07-19 00:08:40,62.0025,132.4325,77.45,38,67,7.81
250,Kangaatsiaq,GL,2021-07-19 00:08:40,68.3065,-53.4641,42.58,90,100,14.97
251,Casper,US,2021-07-19 00:08:41,42.8666,-106.3131,94.01,16,1,8.01
252,Dutse,NG,2021-07-19 00:08:42,11.7594,9.3392,76.23,73,100,12.97
253,Pingshan,CN,2021-07-19 00:08:42,22.9938,114.7131,80.89,94,100,2.1
254,Kinshasa,CD,2021-07-19 00:08:28,-4.3246,15.3215,76.46,57,60,5.7
255,Beloha,MG,2021-07-19 00:08:35,-25.1667,45.05,67.44,86,64,12.64
256,Bronnoysund,NO,2021-07-19 00:08:43,65.4625,12.1997,51.8,87,75,14.97
257,Flin Flon,CA,2021-07-19 00:05:47,54.7682,-101.865,62.89,49,88,9.62
258,Severo-Kurilsk,RU,2021-07-19 00:08:44,50.6789,156.125,52.99,92,78,13.04
259,La Trinitaria,MX,2021-07-19 00:08:46,16.1167,-92.05,66.02,83,74,7.52
260,Axim,GH,2021-07-19 00:08:46,4.8699,-2.2405,75.38,81,85,8.59
261,Vidim,RU,2021-07-19 00:08:46,56.4088,103.1106,64.58,56,0,2.53
262,Bairiki,KI,2021-07-19 00:08:47,1.3292,172.9752,83.37,71,83,12.06
263,Pangnirtung,CA,2021-07-19 00:08:04,66.1451,-65.7125,46.35,91,100,1.3
264,Visnes,NO,2021-07-19 00:08:48,59.3556,5.2242,55.58,82,97,16.11
265,Manaus,BR,2021-07-19 00:04:10,-3.1019,-60.025,84.69,70,0,5.75
266,Villarrica,PY,2021-07-19 00:08:48,-25.75,-56.4333,44.29,51,8,3.56
267,Mega,ET,2021-07-19 00:08:49,4.05,38.3,58.64,63,57,6.82
268,Otaru,JP,2021-07-19 00:08:49,43.1894,141.0022,78.46,69,10,2.19
269,Kingussie,GB,2021-07-19 00:08:50,57.08,-4.0523,54.28,92,32,1.36
270,Araouane,ML,2021-07-19 00:08:50,18.9048,-3.5265,97.03,26,83,11.41
271,Canutama,BR,2021-07-19 00:08:51,-6.5339,-64.3831,81.3,50,16,3.42
272,Kosmynino,RU,2021-07-19 00:08:51,57.5818,40.7643,65.68,51,84,5.68
273,Maniitsoq,GL,2021-07-19 00:08:52,65.4167,-52.9,45.09,90,98,20.04
274,Yar-Sale,RU,2021-07-19 00:08:52,66.8333,70.8333,54.01,83,90,8.72
275,Leningradskiy,RU,2021-07-19 00:05:44,69.3833,178.4167,36.91,99,100,6.24
276,Salvatierra,MX,2021-07-19 00:08:53,20.2167,-100.8833,76.15,51,7,8.5
277,Vallenar,CL,2021-07-19 00:08:53,-28.5708,-70.7581,61.36,46,100,2.15
278,Petrozavodsk,RU,2021-07-19 00:08:54,61.7849,34.3469,57.69,93,35,2.89
279,Huron,US,2021-07-19 00:08:54,41.1501,-82.5499,78.69,74,0,3.83
280,Avarua,CK,2021-07-19 00:07:15,-21.2078,-159.775,78.85,78,16,14.97
281,Castro,BR,2021-07-19 00:08:55,-24.7911,-50.0119,39.0,62,2,9.17
282,Poronaysk,RU,2021-07-19 00:08:55,49.2167,143.1167,75.85,56,22,1.54
283,Clarence Town,AU,2021-07-19 00:08:56,-32.5833,151.7833,58.86,56,37,9.06
284,Warman,CA,2021-07-19 00:08:56,52.3168,-106.5679,77.86,48,26,10.25
285,Shingu,JP,2021-07-19 00:08:56,33.7333,135.9833,82.9,76,18,5.17
286,Seoul,KR,2021-07-19 00:05:20,37.5683,126.9778,81.79,66,100,3.15
287,Cabo San Lucas,MX,2021-07-19 00:06:37,22.8909,-109.9124,89.62,74,75,5.99
288,Ahipara,NZ,2021-07-19 00:08:58,-35.1667,173.1667,58.98,81,62,11.7
289,Sayyan,YE,2021-07-19 00:08:58,15.1718,44.3244,63.12,53,100,6.42
290,Urdoma,RU,2021-07-19 00:08:58,61.7533,48.5442,60.98,62,90,5.19
291,Iracoubo,GF,2021-07-19 00:08:59,5.4802,-53.2011,78.03,85,83,7.65
292,Nabire,ID,2021-07-19 00:08:59,-3.3667,135.4833,74.28,96,100,1.54
293,Yankton,US,2021-07-19 00:09:00,42.8711,-97.3973,80.85,57,1,11.5
294,Straumen,NO,2021-07-19 00:09:00,63.8709,11.2999,53.94,86,99,15.93
295,Muros,ES,2021-07-19 00:09:01,42.7762,-9.0603,65.08,91,57,2.44
296,Dabrowa Tarnowska,PL,2021-07-19 00:09:01,50.1746,20.9863,67.68,92,98,6.44
297,Honningsvag,NO,2021-07-19 00:09:02,70.9821,25.9704,46.92,93,100,22.7
298,Grand-Santi,GF,2021-07-19 00:09:02,4.25,-54.3833,77.76,79,100,2.89
299,San Quintin,MX,2021-07-19 00:04:25,30.4833,-115.95,75.04,72,1,11.59
300,Klaksvik,FO,2021-07-19 00:06:14,62.2266,-6.589,49.12,88,2,2.84
301,Perehonivka,UA,2021-07-19 00:08:41,48.5355,30.5192,72.66,66,2,4.94
302,Redmond,US,2021-07-19 00:07:08,47.674,-122.1215,86.23,47,28,1.99
303,Nikolskoye,RU,2021-07-19 00:09:04,59.7035,30.7861,66.09,85,11,6.06
304,Zyryanka,RU,2021-07-19 00:09:04,65.75,150.85,58.12,42,13,2.98
305,Saint-Pierre,RE,2021-07-19 00:09:04,-21.3393,55.4781,66.29,82,0,2.3
306,Alofi,NU,2021-07-19 00:09:05,-19.0595,-169.9187,77.2,79,12,17.31
307,Tahta,EG,2021-07-19 00:09:05,26.7693,31.5021,89.2,19,56,4.97
308,San Bartolome De Tirajana,ES,2021-07-19 00:09:06,27.9248,-15.5733,72.07,36,0,18.41
309,Caravelas,BR,2021-07-19 00:09:06,-17.7125,-39.2481,71.53,89,0,8.19
310,Panaba,MX,2021-07-19 00:09:07,21.2833,-88.2667,85.62,62,71,15.1
311,Aklavik,CA,2021-07-19 00:09:07,68.2191,-135.0107,55.96,78,100,5.55
312,Hurghada,EG,2021-07-19 00:09:08,27.2574,33.8129,90.5,28,3,15.32
313,Lorengau,PG,2021-07-19 00:09:08,-2.0226,147.2712,83.35,70,88,1.52
314,Tigzirt,DZ,2021-07-19 00:09:08,36.8886,4.1198,73.26,69,0,2.66
315,Russell,US,2021-07-19 00:09:09,32.3502,-85.1999,79.88,88,40,4.61
316,Celestun,MX,2021-07-19 00:09:09,20.8667,-90.4,84.56,72,10,16.06
317,San Pedro,PH,2021-07-19 00:09:10,14.35,121.0167,81.32,84,100,8.37
318,Port-Cartier,CA,2021-07-19 00:09:10,50.0334,-66.8654,65.53,77,100,5.53
319,Rapar,IN,2021-07-19 00:09:10,23.5667,70.6333,83.19,74,100,15.3
320,Namibe,AO,2021-07-19 00:09:11,-15.1961,12.1522,67.37,86,73,5.91
321,Messina,IT,2021-07-19 00:05:02,38.1933,15.5497,73.89,80,20,1.01
322,Novyy Urengoy,RU,2021-07-19 00:09:12,66.0833,76.6333,54.45,61,13,0.78
323,West Wendover,US,2021-07-19 00:09:12,40.7391,-114.0733,99.61,12,1,5.75
324,Los Llanos De Aridane,ES,2021-07-19 00:09:13,28.6585,-17.9182,67.75,88,0,14.97
325,Goderich,CA,2021-07-19 00:05:54,43.7501,-81.7165,72.21,77,2,4.14
326,Balkanabat,TM,2021-07-19 00:09:14,39.5108,54.3671,87.58,21,0,5.08
327,Aksu,CN,2021-07-19 00:08:01,41.1231,80.2644,69.21,66,100,12.01
328,Palmas,BR,2021-07-19 00:05:08,-10.2128,-48.3603,79.39,29,33,3.0
329,Santa Ana,US,2021-07-19 00:05:36,33.7456,-117.8678,105.08,40,40,3.0
330,Gotsu,JP,2021-07-19 00:09:15,35.0,132.2167,81.75,72,69,5.06
331,Goulburn,AU,2021-07-19 00:09:16,-34.75,149.7167,43.16,72,100,12.19
332,Limerick,IE,2021-07-19 00:09:16,52.6647,-8.6231,66.15,93,6,2.98
333,Pullman,US,2021-07-19 00:09:16,46.7313,-117.1796,93.42,23,1,1.01
334,Zhangye,CN,2021-07-19 00:09:17,38.9342,100.4517,76.35,29,1,18.66
335,Boyolangu,ID,2021-07-19 00:09:17,-8.1181,111.8935,75.24,85,64,1.81
336,Cidreira,BR,2021-07-19 00:09:18,-30.1811,-50.2056,50.47,62,52,29.59
337,Camocim,BR,2021-07-19 00:09:18,-2.9022,-40.8411,76.91,90,21,9.24
338,Bathsheba,BB,2021-07-19 00:07:31,13.2167,-59.5167,81.68,76,25,17.67
339,Hambantota,LK,2021-07-19 00:06:09,6.1241,81.1185,79.72,78,91,18.86
340,Kashan,IR,2021-07-19 00:09:19,33.9831,51.4364,88.84,27,32,1.7
341,Yerbogachen,RU,2021-07-19 00:09:20,61.2767,108.0108,64.06,60,41,6.71
342,Kozhva,RU,2021-07-19 00:09:21,65.1073,57.0459,60.01,59,85,3.47
343,Remanso,BR,2021-07-19 00:09:21,-9.6179,-42.0831,80.65,45,24,5.44
344,Sibolga,ID,2021-07-19 00:09:21,1.7427,98.7792,75.15,81,73,2.95
345,Tanout,NE,2021-07-19 00:09:22,14.9709,8.8879,87.24,47,70,20.15
346,Ust-Nera,RU,2021-07-19 00:09:22,64.5667,143.2,64.11,32,38,1.83
347,Santa Maria,BR,2021-07-19 00:09:23,-29.6842,-53.8069,44.55,65,3,14.16
348,Hofn,IS,2021-07-19 00:09:23,64.2539,-15.2082,53.62,81,33,4.97
349,Lasa,IT,2021-07-19 00:07:26,46.6166,10.7002,63.36,95,60,6.24
350,Tonantins,BR,2021-07-19 00:09:24,-2.8731,-67.8022,75.11,87,78,2.77
351,Kavaratti,IN,2021-07-19 00:07:51,10.5669,72.642,82.47,77,100,18.59
352,That Phanom,TH,2021-07-19 00:09:25,16.9364,104.7104,76.8,88,91,5.68
353,Xining,CN,2021-07-19 00:09:25,36.6167,101.7667,58.68,72,9,2.39
354,Sinnamary,GF,2021-07-19 00:08:09,5.3833,-52.95,78.53,83,79,7.38
355,Pisco,PE,2021-07-19 00:04:56,-13.7,-76.2167,62.65,82,75,13.8
356,Jacareacanga,BR,2021-07-19 00:09:26,-6.2222,-57.7528,78.98,40,19,2.01
357,Dogondoutchi,NE,2021-07-19 00:09:27,13.6393,4.0287,80.38,55,100,16.04
358,Awjilah,LY,2021-07-19 00:09:27,29.1081,21.2869,76.51,59,0,9.71
359,Santa Margherita Ligure,IT,2021-07-19 00:09:28,44.3346,9.212,80.44,56,32,1.99
360,Umea,SE,2021-07-19 00:09:29,63.8284,20.2597,52.92,81,8,8.05
361,Garden City,US,2021-07-19 00:09:29,42.3256,-83.331,82.4,54,40,9.22
362,Sechura,PE,2021-07-19 00:09:30,-5.5569,-80.8222,68.77,72,63,16.51
363,Changde,CN,2021-07-19 00:09:30,29.0464,111.6783,78.35,92,99,4.79
364,Fairlie,GB,2021-07-19 00:09:31,55.756,-4.8556,59.85,86,100,5.88
365,Fredericton,CA,2021-07-19 00:09:11,45.9454,-66.6656,65.44,98,100,4.23
366,Quatre Cocos,MU,2021-07-19 00:09:31,-20.2078,57.7625,68.97,61,3,11.14
367,Jamame,SO,2021-07-19 00:09:32,0.0722,42.7506,75.36,81,31,16.13
368,Chauk,MM,2021-07-19 00:09:32,20.8833,94.8167,80.47,82,99,13.24
369,Saint-Augustin,CA,2021-07-19 00:09:33,51.226,-58.6502,71.28,48,0,4.56
370,Matadi,CD,2021-07-19 00:09:33,-5.8167,13.45,69.53,93,42,3.24
371,Tufesti,RO,2021-07-19 00:09:34,45.05,27.8167,72.43,73,0,4.72
372,Henties Bay,NA,2021-07-19 00:09:34,-22.116,14.2845,69.85,43,25,4.54
373,Ngunguru,NZ,2021-07-19 00:09:35,-35.6167,174.5,63.16,67,77,12.46
374,Tarnogskiy Gorodok,RU,2021-07-19 00:09:35,60.4997,43.5761,58.95,75,1,5.68
375,Tartagal,AR,2021-07-19 00:09:36,-22.5164,-63.8013,48.45,39,98,2.39
376,Bogovina,RS,2021-07-19 00:09:36,43.895,21.9403,65.44,94,100,2.48
377,Manyana,BW,2021-07-19 00:09:37,-23.4,21.7167,46.58,40,0,5.53
378,Magpet,PH,2021-07-19 00:09:37,7.1119,125.1133,77.36,90,98,2.44
379,Beyneu,KZ,2021-07-19 00:09:38,45.3167,55.2,87.94,18,22,9.86
380,Ca Mau,VN,2021-07-19 00:07:44,9.1769,105.15,79.27,88,97,3.67
381,Bilopillya,UA,2021-07-19 00:09:39,51.1502,34.3129,67.69,83,36,3.02
382,Fort Saint James,CA,2021-07-19 00:09:39,54.4333,-124.25,70.41,43,92,5.06
383,Bacolod,PH,2021-07-19 00:09:40,10.6667,122.95,81.61,83,84,13.65
384,Jian,CN,2021-07-19 00:09:40,27.1172,114.9793,78.96,83,100,2.26
385,Santa Rosalia,MX,2021-07-19 00:09:41,27.3167,-112.2833,87.62,55,4,4.56
386,Ferme-Neuve,CA,2021-07-19 00:09:41,46.7001,-75.4493,67.96,92,100,3.67
387,Tessalit,ML,2021-07-19 00:09:42,20.1986,1.0114,92.82,21,14,8.7
388,Izazi,TZ,2021-07-19 00:09:42,-7.2,35.7333,66.63,44,11,5.03
389,Nouakchott,MR,2021-07-19 00:09:43,18.0858,-15.9785,76.93,85,14,18.01
390,Grand Gaube,MU,2021-07-19 00:08:53,-20.0064,57.6608,71.74,58,3,15.43
391,Tutzing,DE,2021-07-19 00:09:43,47.9094,11.2803,61.25,97,23,3.44
392,Lakes Entrance,AU,2021-07-19 00:09:44,-37.8811,147.981,51.19,57,100,8.72
393,Alexandria,EG,2021-07-19 00:06:54,31.2156,29.9553,78.62,72,0,8.12
394,Biltine,TD,2021-07-19 00:09:44,14.5333,20.9167,79.47,61,75,12.91
395,Tiznit,MA,2021-07-19 00:09:45,29.5833,-9.5,81.54,25,0,5.88
396,Praya,CV,2021-07-19 00:09:45,14.9215,-23.5087,74.64,87,42,10.02
397,Deputatskiy,RU,2021-07-19 00:09:46,69.3,139.9,57.65,38,98,5.44
398,Kodinsk,RU,2021-07-19 00:09:46,58.6881,99.1844,62.89,67,8,6.6
399,Udachnyy,RU,2021-07-19 00:09:47,66.4167,112.4,58.71,75,63,27.07
400,Tranas,SE,2021-07-19 00:09:48,58.0372,14.9782,60.03,54,97,9.75
401,La Peca,PE,2021-07-19 00:09:48,-5.6111,-78.435,66.96,94,84,2.21
402,Buala,SB,2021-07-19 00:09:49,-8.145,159.5921,84.34,73,92,12.08
403,Port Keats,AU,2021-07-19 00:08:06,-14.25,129.55,76.77,27,68,10.65
404,Sumenep,ID,2021-07-19 00:07:16,-7.0167,113.8667,81.37,73,77,10.09
405,Pacific Grove,US,2021-07-19 00:06:41,36.6177,-121.9166,92.44,81,1,3.0
406,Srivardhan,IN,2021-07-19 00:09:50,18.0333,73.0167,79.63,89,100,14.65
407,Swift Current,CA,2021-07-19 00:09:50,50.2834,-107.8014,91.44,24,3,8.19
408,Santiago,CL,2021-07-19 00:07:20,-33.4569,-70.6483,61.29,30,0,0.0
409,Pontianak,ID,2021-07-19 00:09:51,-0.0333,109.3333,76.98,94,20,0.0
410,Tucuman,AR,2021-07-19 00:09:51,-26.8241,-65.2226,50.0,40,96,4.61
411,Papetoai,PF,2021-07-19 00:09:52,-17.4961,-149.8729,76.59,78,100,24.9
412,Ibia,BR,2021-07-19 00:09:52,-19.4783,-46.5389,68.92,69,48,7.96
413,Menongue,AO,2021-07-19 00:09:53,-14.6585,17.691,51.73,55,29,5.77
414,Laguna,US,2021-07-19 00:07:03,38.421,-121.4238,107.31,19,1,5.01
415,Fujin,CN,2021-07-19 00:09:53,47.26,132.0322,80.47,69,58,5.26
416,Atar,MR,2021-07-19 00:09:54,20.5169,-13.0499,98.6,17,61,6.17
417,Rincon,US,2021-07-19 00:09:55,32.296,-81.2354,82.85,86,75,8.05
418,Butiama,TZ,2021-07-19 00:09:55,-1.7667,33.9667,62.06,50,15,3.51
419,Sao Joao Da Barra,BR,2021-07-19 00:09:56,-21.6403,-41.0511,71.19,89,27,14.7
420,Gladstone,AU,2021-07-19 00:05:20,-23.85,151.25,66.78,42,0,6.91
421,Kokino,RU,2021-07-19 00:09:56,52.4964,34.7808,66.4,87,33,5.39
422,Terney,RU,2021-07-19 00:09:57,45.0503,136.6092,78.75,71,9,2.35
423,Tongliao,CN,2021-07-19 00:06:38,43.6125,122.2653,81.54,59,46,17.74
424,Bhuban,IN,2021-07-19 00:09:57,20.8833,85.8333,86.9,88,98,3.49
425,Hami,CN,2021-07-19 00:09:58,42.8,93.45,76.35,34,29,4.97
426,Saquena,PE,2021-07-19 00:09:58,-4.6667,-73.5167,73.04,96,25,1.05
427,Tokur,RU,2021-07-19 00:09:59,53.1333,132.9,69.06,56,99,1.3
428,Yeppoon,AU,2021-07-19 00:10:00,-23.1333,150.7333,62.38,46,2,3.06
429,Merauke,ID,2021-07-19 00:10:00,-8.4667,140.3333,80.76,76,93,14.85
430,Muli,MV,2021-07-19 00:10:00,2.9167,73.5667,82.27,75,29,9.08
431,Constantine,DZ,2021-07-19 00:10:01,36.365,6.6147,66.78,70,0,2.33
432,Port-Gentil,GA,2021-07-19 00:10:01,-0.7193,8.7815,74.37,80,6,9.46
433,Kurtalan,TR,2021-07-19 00:10:02,37.9272,41.7028,70.02,24,1,1.61
434,Santa Rosa,PH,2021-07-19 00:05:05,14.3122,121.1114,82.09,82,100,5.68
435,Ranong,TH,2021-07-19 00:10:05,9.9658,98.6348,79.77,86,97,14.16
436,Dok Kham Tai,TH,2021-07-19 00:10:05,19.1624,99.9934,74.01,96,100,1.88
437,Plock,PL,2021-07-19 00:10:06,52.5468,19.7064,66.16,86,1,6.71
438,Kupang,ID,2021-07-19 00:10:06,-10.1667,123.5833,79.23,68,78,10.8
439,Chapleau,CA,2021-07-19 00:10:07,47.8405,-83.4034,76.24,71,64,3.06
440,Charqueada,BR,2021-07-19 00:08:44,-22.5097,-47.7781,54.09,39,68,6.96
441,Darnah,LY,2021-07-19 00:10:07,32.767,22.6367,77.38,65,0,3.65
442,Skovorodino,RU,2021-07-19 00:10:08,53.9833,123.9167,71.83,56,100,6.71
443,Ahuimanu,US,2021-07-19 00:07:28,21.4447,-157.8378,85.71,64,90,16.11
444,Mangrol,IN,2021-07-19 00:10:08,21.1167,70.1167,82.71,80,100,19.04
445,Labuan,MY,2021-07-19 00:10:09,5.2767,115.2417,77.16,79,89,5.59
446,Paraiso,CR,2021-07-19 00:10:09,9.8383,-83.8656,68.88,77,99,3.69
447,Taoudenni,ML,2021-07-19 00:08:17,22.6783,-3.9836,101.95,9,13,3.69
448,Magnor,SE,2021-07-19 00:10:10,59.9511,12.1996,56.3,75,38,2.42
449,Loandjili,CG,2021-07-19 00:10:11,-4.7561,11.8578,70.97,92,18,5.55
450,Amapa,BR,2021-07-19 00:10:12,1.0,-52.0,71.76,97,11,1.88
451,Mastic Beach,US,2021-07-19 00:10:13,40.7668,-72.8521,79.38,76,1,3.0
452,Praia Da Vitoria,PT,2021-07-19 00:10:13,38.7333,-27.0667,68.76,81,8,7.25
453,Chardara,KZ,2021-07-19 00:10:14,41.2547,67.9692,75.04,60,0,7.05
454,Shimoda,JP,2021-07-19 00:10:14,34.6667,138.95,82.67,75,29,4.68
455,Richards Bay,ZA,2021-07-19 00:10:15,-28.783,32.0377,55.92,85,0,5.91
456,Ellisras,ZA,2021-07-19 00:10:15,-23.6649,27.7443,44.26,56,0,4.03
457,Dolinsk,RU,2021-07-19 00:10:15,47.35,142.8,78.66,53,58,1.41
458,Korla,CN,2021-07-19 00:05:53,41.7597,86.1469,75.13,30,80,8.08
459,Bambanglipuro,ID,2021-07-19 00:10:16,-7.95,110.2833,75.27,86,40,3.33
460,Novosheshminsk,RU,2021-07-19 00:10:17,55.0651,51.2338,65.39,81,9,1.48
461,Sri Aman,MY,2021-07-19 00:10:18,1.2376,111.4621,77.25,87,53,0.58
462,Northam,GB,2021-07-19 00:07:31,51.0333,-4.2167,68.09,91,65,1.92
463,Aneho,TG,2021-07-19 00:10:18,6.2333,1.6,76.5,85,87,11.43
464,Waitati,NZ,2021-07-19 00:10:19,-45.75,170.5667,52.81,70,100,0.87
465,Hammerfest,NO,2021-07-19 00:10:20,70.6634,23.6821,46.85,100,75,8.05
466,Pishin,PK,2021-07-19 00:10:20,30.5803,66.9961,80.24,44,4,6.17
467,Sambrial,PK,2021-07-19 00:10:20,32.4745,74.3521,81.57,82,71,15.05
468,Coari,BR,2021-07-19 00:10:21,-4.085,-63.1414,78.85,68,43,2.75
469,Muriwai Beach,NZ,2021-07-19 00:10:21,-36.8167,174.45,60.42,77,51,15.46
470,Wajid,SO,2021-07-19 00:10:22,3.8093,43.2471,71.08,71,74,21.16
471,Uithoorn,NL,2021-07-19 00:10:22,52.2375,4.8264,64.04,85,20,5.01
472,Aljezur,PT,2021-07-19 00:10:23,37.3191,-8.8033,62.26,92,40,15.17
473,Daru,PG,2021-07-19 00:10:06,-9.0763,143.2092,80.11,81,99,18.28
474,Aleksandrov Gay,RU,2021-07-19 00:10:24,50.147,48.5704,78.58,48,8,5.17
475,Iguatemi,BR,2021-07-19 00:10:24,-23.6803,-54.5611,46.04,53,68,5.26
476,Salalah,OM,2021-07-19 00:10:24,17.0151,54.0924,77.09,94,90,6.91
477,Shache,CN,2021-07-19 00:10:25,38.4167,77.2406,64.45,86,100,7.83
478,Chapais,CA,2021-07-19 00:07:11,49.7834,-74.8492,73.6,57,43,7.65
479,Kingston,JM,2021-07-19 00:10:25,17.997,-76.7936,83.35,86,20,14.97
480,Havelock,US,2021-07-19 00:08:10,34.8791,-76.9013,80.94,90,90,1.01
481,Port Lincoln,AU,2021-07-19 00:05:47,-34.7333,135.8667,54.75,78,22,14.36
482,Ust-Maya,RU,2021-07-19 00:10:26,60.4167,134.5333,75.13,55,4,2.33
483,Turukhansk,RU,2021-07-19 00:10:27,65.8167,87.9833,54.45,60,96,0.81
484,Springfield,US,2021-07-19 00:06:08,37.2153,-93.2982,82.26,73,75,5.01
485,Nishihara,JP,2021-07-19 00:10:28,26.1842,127.7558,85.68,74,40,18.41
486,Goma,CD,2021-07-19 00:10:28,-1.6792,29.2228,63.88,76,91,2.17
487,Yumen,CN,2021-07-19 00:10:29,40.2833,97.2,75.13,32,24,11.23
488,Mwanza,TZ,2021-07-19 00:10:29,-2.5167,32.9,71.15,43,47,10.38
489,Haapiti,PF,2021-07-19 00:10:30,-17.5667,-149.8667,76.73,79,100,24.16
490,Tilichiki,RU,2021-07-19 00:10:31,60.4667,166.1,57.16,72,100,2.33
491,Berlevag,NO,2021-07-19 00:10:31,70.8578,29.0864,46.81,90,100,16.62
492,Aasiaat,GL,2021-07-19 00:10:31,68.7098,-52.8699,41.14,90,100,7.29
493,Burayevo,RU,2021-07-19 00:10:32,55.8407,55.4083,58.48,89,1,1.07
494,Mariestad,SE,2021-07-19 00:10:32,58.7097,13.8237,61.27,77,62,11.56
495,Pleasant Point,NZ,2021-07-19 00:10:33,-44.2667,171.1333,49.28,97,100,3.27
496,Hamilton,US,2021-07-19 00:07:38,39.1834,-84.5333,80.89,61,1,1.01
497,Santa Cruz Cabralia,BR,2021-07-19 00:10:33,-16.2781,-39.0247,71.98,90,0,8.5
498,Nanortalik,GL,2021-07-19 00:10:34,60.1432,-45.2371,45.41,99,100,1.9
499,Saint-Francois,FR,2021-07-19 00:10:34,46.4154,3.9054,64.67,77,0,5.75
500,Tirat Karmel,IL,2021-07-19 00:10:35,32.7617,34.9719,75.96,75,0,9.66
501,Davidson,US,2021-07-19 00:10:35,36.1501,-86.7833,75.09,85,90,5.99
502,Quang Ngai,VN,2021-07-19 00:10:36,15.1167,108.8,80.44,80,36,5.64
503,Diamantino,BR,2021-07-19 00:10:36,-14.4086,-56.4461,67.71,76,15,11.5
504,Eidfjord,NO,2021-07-19 00:10:37,60.4675,7.0719,54.43,87,71,3.18
505,Terrace Bay,CA,2021-07-19 00:10:37,48.7834,-87.1,65.82,80,44,4.74
506,Vanavara,RU,2021-07-19 00:08:42,60.34,102.2797,62.71,64,10,5.19
507,Manicore,BR,2021-07-19 00:10:38,-5.8092,-61.3003,80.8,50,22,0.54
508,Chumphon,TH,2021-07-19 00:10:39,10.3333,98.8333,74.14,91,98,7.76
509,Hovd,MN,2021-07-19 00:10:39,48.0056,91.6419,64.42,43,15,0.85
510,Dunedin,NZ,2021-07-19 00:08:44,-45.8742,170.5036,52.81,70,100,5.01
511,Nunoa,PE,2021-07-19 00:10:40,-14.48,-70.6411,41.5,81,82,5.64
512,Westerland,DE,2021-07-19 00:10:40,54.9079,8.3033,60.82,63,90,18.41
513,Ponta Delgada,PT,2021-07-19 00:07:43,37.7333,-25.6667,68.72,83,40,12.66
514,Lakatoro,VU,2021-07-19 00:10:41,-16.0999,167.4164,82.58,66,7,5.79
515,Shenjiamen,CN,2021-07-19 00:10:41,29.9576,122.298,80.38,86,64,7.54
516,Akyab,MM,2021-07-19 00:10:42,20.15,92.9,81.3,81,100,3.91
517,Sosnytsya,UA,2021-07-19 00:10:42,51.5239,32.4999,66.06,92,62,4.54
518,Brae,GB,2021-07-19 00:10:43,60.3964,-1.353,51.71,84,37,4.41
519,Linfen,CN,2021-07-19 00:10:43,36.0889,111.5189,77.81,71,100,7.96
520,Hiranagar,IN,2021-07-19 00:10:44,32.45,75.2667,79.68,87,88,11.03
521,Bama,NG,2021-07-19 00:10:44,11.5221,13.6856,75.42,76,96,9.24
522,Murakami,JP,2021-07-19 00:10:45,38.2333,139.4833,85.53,67,0,3.22
523,Ketchikan,US,2021-07-19 00:10:46,55.3422,-131.6461,64.87,63,40,8.05
524,Skagen,DK,2021-07-19 00:10:46,57.7209,10.5839,66.09,69,4,5.48
525,Mandalay,MM,2021-07-19 00:10:47,21.9747,96.0836,82.49,76,100,9.57
526,Kanadey,RU,2021-07-19 00:10:47,53.1679,47.5264,67.69,87,79,2.91
527,Challans,FR,2021-07-19 00:10:47,46.8436,-1.8749,75.4,81,0,9.15
528,Gimli,CA,2021-07-19 00:09:05,50.6336,-96.9907,90.72,30,5,9.66
529,Yarada,IN,2021-07-19 00:10:48,17.65,83.2667,79.12,100,20,2.3
530,Kokopo,PG,2021-07-19 00:10:06,-4.352,152.2633,83.57,65,99,3.11
531,Taltal,CL,2021-07-19 00:10:49,-25.4,-70.4833,58.01,80,96,3.56
532,Chifeng,CN,2021-07-19 00:10:49,42.2683,118.9636,77.14,70,87,7.65
533,Iqaluit,CA,2021-07-19 00:08:45,63.7506,-68.5145,43.7,65,94,4.0
534,Sao Paulo De Olivenca,BR,2021-07-19 00:10:50,-3.3783,-68.8725,77.85,81,76,2.24
535,Mehamn,NO,2021-07-19 00:10:50,71.0357,27.8492,46.63,95,100,13.02
536,Tabuk,PH,2021-07-19 00:10:51,17.4189,121.4443,76.37,95,100,0.81
537,Boddam,GB,2021-07-19 00:10:51,57.4667,-1.7833,57.58,93,99,2.71
538,Kushima,JP,2021-07-19 00:10:52,31.4583,131.2333,80.11,82,94,8.97
539,Davila,PH,2021-07-19 00:10:52,18.4726,120.5763,78.78,92,100,10.71
540,Abapo,BO,2021-07-19 00:10:53,-18.8333,-63.4667,54.91,28,52,1.9
541,Genoa,IT,2021-07-19 00:10:53,44.4129,8.9573,80.02,54,0,4.0
542,Paris,FR,2021-07-19 00:09:01,48.8534,2.3488,73.18,73,0,3.0
543,Tulum,MX,2021-07-19 00:10:54,20.2167,-87.4667,84.92,78,48,5.75
544,Scarborough,GB,2021-07-19 00:10:54,54.2797,-0.4044,62.53,86,90,3.18
545,Nizwa,OM,2021-07-19 00:10:55,22.9333,57.5333,80.37,71,16,1.83
546,Yining,CN,2021-07-19 00:10:55,29.0361,114.5636,79.84,84,63,1.12
547,White Bear Lake,US,2021-07-19 00:10:56,45.0847,-93.0099,87.69,48,1,5.01
548,Soyo,AO,2021-07-19 00:08:49,-6.1349,12.3689,71.06,92,11,5.66
549,Kununurra,AU,2021-07-19 00:10:56,-15.7667,128.7333,69.78,49,37,1.14
550,Mangaluru,IN,2021-07-19 00:10:57,12.8667,74.8833,76.06,94,90,0.0
551,Outreau,FR,2021-07-19 00:10:57,50.7053,1.5897,65.93,79,1,3.27
552,Carballo,ES,2021-07-19 00:10:58,43.213,-8.691,64.0,93,8,2.13
553,Ufimskiy,RU,2021-07-19 00:10:58,56.7084,58.0517,57.24,96,50,2.57
554,Kutum,SD,2021-07-19 00:10:59,14.2,24.6667,70.81,67,84,10.54
555,Trairi,BR,2021-07-19 00:09:39,-3.2778,-39.2689,79.86,81,38,10.76
556,Brigantine,US,2021-07-19 00:10:59,39.4101,-74.3646,77.05,73,90,8.05
557,Kuusamo,FI,2021-07-19 00:11:00,65.9667,29.1833,51.84,82,90,13.8
558,Ponazyrevo,RU,2021-07-19 00:11:00,58.3578,46.3142,58.78,82,2,3.06
559,Shelburne,CA,2021-07-19 00:07:14,44.0787,-80.2041,78.24,45,16,6.87
560,Qujing,CN,2021-07-19 00:11:01,25.4833,103.7833,62.69,89,86,2.95
561,Khash,IR,2021-07-19 00:11:02,28.2211,61.2158,81.05,31,74,3.78
562,Kannangad,IN,2021-07-19 00:11:02,12.3081,75.1063,77.31,89,100,8.7
563,Horsham,GB,2021-07-19 00:11:03,51.064,-0.3272,72.72,73,0,2.3
564,Bayir,TR,2021-07-19 00:11:03,37.2687,28.2167,68.52,62,0,2.06
565,Roros,NO,2021-07-19 00:11:04,62.5747,11.3842,44.44,76,40,6.91
566,Majitha,IN,2021-07-19 00:11:04,31.7583,74.9544,84.09,94,75,10.36
567,Semnan,IR,2021-07-19 00:11:05,35.5729,53.3971,80.98,30,28,5.53
568,Mogok,MM,2021-07-19 00:11:05,22.9167,96.5,68.27,98,98,2.66
569,Kysyl-Syr,RU,2021-07-19 00:08:53,63.8986,122.7617,73.24,66,94,8.46
570,Grindavik,IS,2021-07-19 00:08:35,63.8424,-22.4338,47.55,93,90,8.05
571,Lae,PG,2021-07-19 00:11:06,-6.7221,146.9847,83.34,66,74,3.02
572,Grajau,BR,2021-07-19 00:11:07,-5.8194,-46.1386,83.44,37,47,3.56
